Page,Text,Href
1,2天打造自己的云爬虫,http://www.infosec-wiki.com/?p=308
1,SSR+ss-panel配置脚本,http://www.infosec-wiki.com/?p=301
1,jieba分词如何切分出特殊字符,http://www.infosec-wiki.com/?p=280
1,空气质量数据挖掘,http://www.infosec-wiki.com/?p=273
1,基于互信息和邻接信息熵的新词发现,http://www.infosec-wiki.com/?p=261
1,实现计算机双网卡连接不同网段,http://www.infosec-wiki.com/?p=258
1,baidu FM download,http://www.infosec-wiki.com/?p=251
1,Data Mining Milestone,http://www.infosec-wiki.com/?p=245
1,CNN with Keras in kaggle competition “The Nature Conservancy Fisheries Monitoring”,http://www.infosec-wiki.com/?p=224
1,python simulate mouse and keyboard event,http://www.infosec-wiki.com/?p=217
2,Unofficial Windows Binaries for Python Extension Packages,http://www.infosec-wiki.com/?p=212
2,密码保护：亲自动手进行免流,http://www.infosec-wiki.com/?p=204
2,python prebuild package,http://www.infosec-wiki.com/?p=189
2,securecrt ssh over http proxy,http://www.infosec-wiki.com/?p=179
2,Coding and Testing—Chinese Word Segment based on LSTM Neural Networks,http://www.infosec-wiki.com/?p=169
2,Chinese Word Segment based on LSTM Neural Networks,http://www.infosec-wiki.com/?p=155
2,Keras+CUDA unimplemented: 64-bit mode not compiled in,http://www.infosec-wiki.com/?p=150
2,GPU-accelerated Theano & Keras on Windows 10 native,http://www.infosec-wiki.com/?p=124
2,Anti HTTP Hijack,http://www.infosec-wiki.com/?p=117
2,how phpvirtualbox validate users,http://www.infosec-wiki.com/?p=82
3,jupyter notebook to wordpress,http://www.infosec-wiki.com/?p=80
3,classification with pybrain,http://www.infosec-wiki.com/?p=69
3,fakebts detecting,http://www.infosec-wiki.com/?p=32
3,Play Flappy Bird With Tensorflow,http://www.infosec-wiki.com/?p=17
3,sentiment analysis with DNN,http://www.infosec-wiki.com/?p=1
4,2天打造自己的云爬虫,http://www.infosec-wiki.com/?p=308
4,SSR+ss-panel配置脚本,http://www.infosec-wiki.com/?p=301
4,jieba分词如何切分出特殊字符,http://www.infosec-wiki.com/?p=280
4,空气质量数据挖掘,http://www.infosec-wiki.com/?p=273
4,基于互信息和邻接信息熵的新词发现,http://www.infosec-wiki.com/?p=261
4,实现计算机双网卡连接不同网段,http://www.infosec-wiki.com/?p=258
5,2天打造自己的云爬虫,http://www.infosec-wiki.com/?p=308
5,SSR+ss-panel配置脚本,http://www.infosec-wiki.com/?p=301
5,jieba分词如何切分出特殊字符,http://www.infosec-wiki.com/?p=280
5,空气质量数据挖掘,http://www.infosec-wiki.com/?p=273
5,基于互信息和邻接信息熵的新词发现,http://www.infosec-wiki.com/?p=261
5,实现计算机双网卡连接不同网段,http://www.infosec-wiki.com/?p=258
6,2天打造自己的云爬虫,http://www.infosec-wiki.com/?p=308
6,SSR+ss-panel配置脚本,http://www.infosec-wiki.com/?p=301
6,jieba分词如何切分出特殊字符,http://www.infosec-wiki.com/?p=280
6,空气质量数据挖掘,http://www.infosec-wiki.com/?p=273
6,基于互信息和邻接信息熵的新词发现,http://www.infosec-wiki.com/?p=261
6,实现计算机双网卡连接不同网段,http://www.infosec-wiki.com/?p=258
7,2天打造自己的云爬虫,http://www.infosec-wiki.com/?p=308
7,SSR+ss-panel配置脚本,http://www.infosec-wiki.com/?p=301
7,jieba分词如何切分出特殊字符,http://www.infosec-wiki.com/?p=280
7,空气质量数据挖掘,http://www.infosec-wiki.com/?p=273
7,基于互信息和邻接信息熵的新词发现,http://www.infosec-wiki.com/?p=261
7,实现计算机双网卡连接不同网段,http://www.infosec-wiki.com/?p=258
8,2天打造自己的云爬虫,http://www.infosec-wiki.com/?p=308
8,SSR+ss-panel配置脚本,http://www.infosec-wiki.com/?p=301
8,jieba分词如何切分出特殊字符,http://www.infosec-wiki.com/?p=280
8,空气质量数据挖掘,http://www.infosec-wiki.com/?p=273
8,基于互信息和邻接信息熵的新词发现,http://www.infosec-wiki.com/?p=261
8,实现计算机双网卡连接不同网段,http://www.infosec-wiki.com/?p=258
9,2天打造自己的云爬虫,http://www.infosec-wiki.com/?p=308
9,SSR+ss-panel配置脚本,http://www.infosec-wiki.com/?p=301
9,jieba分词如何切分出特殊字符,http://www.infosec-wiki.com/?p=280
9,空气质量数据挖掘,http://www.infosec-wiki.com/?p=273
9,基于互信息和邻接信息熵的新词发现,http://www.infosec-wiki.com/?p=261
9,实现计算机双网卡连接不同网段,http://www.infosec-wiki.com/?p=258
10,2天打造自己的云爬虫,http://www.infosec-wiki.com/?p=308
10,SSR+ss-panel配置脚本,http://www.infosec-wiki.com/?p=301
10,jieba分词如何切分出特殊字符,http://www.infosec-wiki.com/?p=280
10,空气质量数据挖掘,http://www.infosec-wiki.com/?p=273
10,基于互信息和邻接信息熵的新词发现,http://www.infosec-wiki.com/?p=261
10,实现计算机双网卡连接不同网段,http://www.infosec-wiki.com/?p=258
